--
-- PostgreSQL database dump
--

-- Dumped from database version 10.5 (Ubuntu 10.5-0ubuntu0.18.04)
-- Dumped by pg_dump version 10.5 (Ubuntu 10.5-0ubuntu0.18.04)

SET statement_timeout = 0;
SET lock_timeout = 0;
SET idle_in_transaction_session_timeout = 0;
SET client_encoding = 'UTF8';
SET standard_conforming_strings = on;
SELECT pg_catalog.set_config('search_path', '', false);
SET check_function_bodies = false;
SET client_min_messages = warning;
SET row_security = off;

ALTER TABLE ONLY public.schedule_occurrence DROP CONSTRAINT schedule_occurrence_event_id_ade47cd8_fk_schedule_event_id;
ALTER TABLE ONLY public.schedule_eventrelation DROP CONSTRAINT schedule_eventrelation_event_id_8c57a7b4_fk_schedule_event_id;
ALTER TABLE ONLY public.schedule_eventrelation DROP CONSTRAINT schedule_eventrelati_content_type_id_d4187723_fk_django_co;
ALTER TABLE ONLY public.schedule_event DROP CONSTRAINT schedule_event_rule_id_90b83d31_fk_schedule_rule_id;
ALTER TABLE ONLY public.schedule_event DROP CONSTRAINT schedule_event_creator_id_d2ffab6e_fk_auth_user_id;
ALTER TABLE ONLY public.schedule_event DROP CONSTRAINT schedule_event_calendar_id_eb1c700f_fk_schedule_calendar_id;
ALTER TABLE ONLY public.schedule_calendarrelation DROP CONSTRAINT schedule_calendarrel_content_type_id_f2a42f5b_fk_django_co;
ALTER TABLE ONLY public.schedule_calendarrelation DROP CONSTRAINT schedule_calendarrel_calendar_id_0a50be2e_fk_schedule_;
ALTER TABLE ONLY public.django_admin_log DROP CONSTRAINT django_admin_log_user_id_c564eba6_fk_auth_user_id;
ALTER TABLE ONLY public.django_admin_log DROP CONSTRAINT django_admin_log_content_type_id_c4bce8eb_fk_django_co;
ALTER TABLE ONLY public.auth_user_user_permissions DROP CONSTRAINT auth_user_user_permissions_user_id_a95ead1b_fk_auth_user_id;
ALTER TABLE ONLY public.auth_user_user_permissions DROP CONSTRAINT auth_user_user_permi_permission_id_1fbb5f2c_fk_auth_perm;
ALTER TABLE ONLY public.auth_user_groups DROP CONSTRAINT auth_user_groups_user_id_6a12ed8b_fk_auth_user_id;
ALTER TABLE ONLY public.auth_user_groups DROP CONSTRAINT auth_user_groups_group_id_97559544_fk_auth_group_id;
ALTER TABLE ONLY public.auth_permission DROP CONSTRAINT auth_permission_content_type_id_2f476e4b_fk_django_co;
ALTER TABLE ONLY public.auth_group_permissions DROP CONSTRAINT auth_group_permissions_group_id_b120cbf9_fk_auth_group_id;
ALTER TABLE ONLY public.auth_group_permissions DROP CONSTRAINT auth_group_permissio_permission_id_84c5c92e_fk_auth_perm;
DROP INDEX public.schedule_occurrence_start_end_5fc98870_idx;
DROP INDEX public.schedule_occurrence_start_b28eeb2f;
DROP INDEX public.schedule_occurrence_event_id_ade47cd8;
DROP INDEX public.schedule_occurrence_end_ae255624;
DROP INDEX public.schedule_eventrelation_object_id_e22334a2;
DROP INDEX public.schedule_eventrelation_event_id_8c57a7b4;
DROP INDEX public.schedule_eventrelation_content_type_id_object_id_c1b1e893_idx;
DROP INDEX public.schedule_eventrelation_content_type_id_d4187723;
DROP INDEX public.schedule_event_start_end_89f30672_idx;
DROP INDEX public.schedule_event_start_a11492a7;
DROP INDEX public.schedule_event_rule_id_90b83d31;
DROP INDEX public.schedule_event_end_recurring_period_672addcf;
DROP INDEX public.schedule_event_end_674c5848;
DROP INDEX public.schedule_event_creator_id_d2ffab6e;
DROP INDEX public.schedule_event_calendar_id_eb1c700f;
DROP INDEX public.schedule_calendarrelation_object_id_1743bce6;
DROP INDEX public.schedule_calendarrelation_content_type_id_f2a42f5b;
DROP INDEX public.schedule_calendarrelation_calendar_id_0a50be2e;
DROP INDEX public.schedule_calendarrelatio_content_type_id_object_i_3378a516_idx;
DROP INDEX public.schedule_calendar_slug_ba17e861_like;
DROP INDEX public.django_session_session_key_c0390e0f_like;
DROP INDEX public.django_session_expire_date_a5c62663;
DROP INDEX public.django_cron_cronjoblog_start_time_d68c0dd9;
DROP INDEX public.django_cron_cronjoblog_ran_at_time_7fed2751;
DROP INDEX public.django_cron_cronjoblog_end_time_7918602a;
DROP INDEX public.django_cron_cronjoblog_code_start_time_ran_at_time_8b50b8fa_idx;
DROP INDEX public.django_cron_cronjoblog_code_start_time_4fc78f9d_idx;
DROP INDEX public.django_cron_cronjoblog_code_is_success_ran_at_time_84da9606_idx;
DROP INDEX public.django_cron_cronjoblog_code_48865653_like;
DROP INDEX public.django_cron_cronjoblog_code_48865653;
DROP INDEX public.django_admin_log_user_id_c564eba6;
DROP INDEX public.django_admin_log_content_type_id_c4bce8eb;
DROP INDEX public.auth_user_username_6821ab7c_like;
DROP INDEX public.auth_user_user_permissions_user_id_a95ead1b;
DROP INDEX public.auth_user_user_permissions_permission_id_1fbb5f2c;
DROP INDEX public.auth_user_groups_user_id_6a12ed8b;
DROP INDEX public.auth_user_groups_group_id_97559544;
DROP INDEX public.auth_permission_content_type_id_2f476e4b;
DROP INDEX public.auth_group_permissions_permission_id_84c5c92e;
DROP INDEX public.auth_group_permissions_group_id_b120cbf9;
DROP INDEX public.auth_group_name_a6ea08ec_like;
DROP INDEX public."app_book_Username_531628bf_like";
DROP INDEX public."app_book_Email_4c6521d6_like";
ALTER TABLE ONLY public.schedule_rule DROP CONSTRAINT schedule_rule_pkey;
ALTER TABLE ONLY public.schedule_occurrence DROP CONSTRAINT schedule_occurrence_pkey;
ALTER TABLE ONLY public.schedule_eventrelation DROP CONSTRAINT schedule_eventrelation_pkey;
ALTER TABLE ONLY public.schedule_event DROP CONSTRAINT schedule_event_pkey;
ALTER TABLE ONLY public.schedule_calendarrelation DROP CONSTRAINT schedule_calendarrelation_pkey;
ALTER TABLE ONLY public.schedule_calendar DROP CONSTRAINT schedule_calendar_slug_ba17e861_uniq;
ALTER TABLE ONLY public.schedule_calendar DROP CONSTRAINT schedule_calendar_pkey;
ALTER TABLE ONLY public.django_session DROP CONSTRAINT django_session_pkey;
ALTER TABLE ONLY public.django_migrations DROP CONSTRAINT django_migrations_pkey;
ALTER TABLE ONLY public.django_cron_cronjoblog DROP CONSTRAINT django_cron_cronjoblog_pkey;
ALTER TABLE ONLY public.django_content_type DROP CONSTRAINT django_content_type_pkey;
ALTER TABLE ONLY public.django_content_type DROP CONSTRAINT django_content_type_app_label_model_76bd3d3b_uniq;
ALTER TABLE ONLY public.django_admin_log DROP CONSTRAINT django_admin_log_pkey;
ALTER TABLE ONLY public.auth_user DROP CONSTRAINT auth_user_username_key;
ALTER TABLE ONLY public.auth_user_user_permissions DROP CONSTRAINT auth_user_user_permissions_user_id_permission_id_14a6b632_uniq;
ALTER TABLE ONLY public.auth_user_user_permissions DROP CONSTRAINT auth_user_user_permissions_pkey;
ALTER TABLE ONLY public.auth_user DROP CONSTRAINT auth_user_pkey;
ALTER TABLE ONLY public.auth_user_groups DROP CONSTRAINT auth_user_groups_user_id_group_id_94350c0c_uniq;
ALTER TABLE ONLY public.auth_user_groups DROP CONSTRAINT auth_user_groups_pkey;
ALTER TABLE ONLY public.auth_permission DROP CONSTRAINT auth_permission_pkey;
ALTER TABLE ONLY public.auth_permission DROP CONSTRAINT auth_permission_content_type_id_codename_01ab375a_uniq;
ALTER TABLE ONLY public.auth_group DROP CONSTRAINT auth_group_pkey;
ALTER TABLE ONLY public.auth_group_permissions DROP CONSTRAINT auth_group_permissions_pkey;
ALTER TABLE ONLY public.auth_group_permissions DROP CONSTRAINT auth_group_permissions_group_id_permission_id_0cd325b0_uniq;
ALTER TABLE ONLY public.auth_group DROP CONSTRAINT auth_group_name_key;
ALTER TABLE ONLY public.app_captcha DROP CONSTRAINT app_captcha_pkey;
ALTER TABLE ONLY public.app_book DROP CONSTRAINT app_book_pkey;
ALTER TABLE ONLY public.app_book DROP CONSTRAINT "app_book_Username_key";
ALTER TABLE ONLY public.app_book DROP CONSTRAINT "app_book_Email_key";
ALTER TABLE public.schedule_rule ALTER COLUMN id DROP DEFAULT;
ALTER TABLE public.schedule_occurrence ALTER COLUMN id DROP DEFAULT;
ALTER TABLE public.schedule_eventrelation ALTER COLUMN id DROP DEFAULT;
ALTER TABLE public.schedule_event ALTER COLUMN id DROP DEFAULT;
ALTER TABLE public.schedule_calendarrelation ALTER COLUMN id DROP DEFAULT;
ALTER TABLE public.schedule_calendar ALTER COLUMN id DROP DEFAULT;
ALTER TABLE public.django_migrations ALTER COLUMN id DROP DEFAULT;
ALTER TABLE public.django_cron_cronjoblog ALTER COLUMN id DROP DEFAULT;
ALTER TABLE public.django_content_type ALTER COLUMN id DROP DEFAULT;
ALTER TABLE public.django_admin_log ALTER COLUMN id DROP DEFAULT;
ALTER TABLE public.auth_user_user_permissions ALTER COLUMN id DROP DEFAULT;
ALTER TABLE public.auth_user_groups ALTER COLUMN id DROP DEFAULT;
ALTER TABLE public.auth_user ALTER COLUMN id DROP DEFAULT;
ALTER TABLE public.auth_permission ALTER COLUMN id DROP DEFAULT;
ALTER TABLE public.auth_group_permissions ALTER COLUMN id DROP DEFAULT;
ALTER TABLE public.auth_group ALTER COLUMN id DROP DEFAULT;
ALTER TABLE public.app_captcha ALTER COLUMN id DROP DEFAULT;
ALTER TABLE public.app_book ALTER COLUMN id DROP DEFAULT;
DROP SEQUENCE public.schedule_rule_id_seq;
DROP TABLE public.schedule_rule;
DROP SEQUENCE public.schedule_occurrence_id_seq;
DROP TABLE public.schedule_occurrence;
DROP SEQUENCE public.schedule_eventrelation_id_seq;
DROP TABLE public.schedule_eventrelation;
DROP SEQUENCE public.schedule_event_id_seq;
DROP TABLE public.schedule_event;
DROP SEQUENCE public.schedule_calendarrelation_id_seq;
DROP TABLE public.schedule_calendarrelation;
DROP SEQUENCE public.schedule_calendar_id_seq;
DROP TABLE public.schedule_calendar;
DROP TABLE public.django_session;
DROP SEQUENCE public.django_migrations_id_seq;
DROP TABLE public.django_migrations;
DROP SEQUENCE public.django_cron_cronjoblog_id_seq;
DROP TABLE public.django_cron_cronjoblog;
DROP SEQUENCE public.django_content_type_id_seq;
DROP TABLE public.django_content_type;
DROP SEQUENCE public.django_admin_log_id_seq;
DROP TABLE public.django_admin_log;
DROP SEQUENCE public.auth_user_user_permissions_id_seq;
DROP TABLE public.auth_user_user_permissions;
DROP SEQUENCE public.auth_user_id_seq;
DROP SEQUENCE public.auth_user_groups_id_seq;
DROP TABLE public.auth_user_groups;
DROP TABLE public.auth_user;
DROP SEQUENCE public.auth_permission_id_seq;
DROP TABLE public.auth_permission;
DROP SEQUENCE public.auth_group_permissions_id_seq;
DROP TABLE public.auth_group_permissions;
DROP SEQUENCE public.auth_group_id_seq;
DROP TABLE public.auth_group;
DROP SEQUENCE public.app_captcha_id_seq;
DROP TABLE public.app_captcha;
DROP SEQUENCE public.app_book_id_seq;
DROP TABLE public.app_book;
DROP EXTENSION plpgsql;
DROP SCHEMA public;
--
-- Name: public; Type: SCHEMA; Schema: -; Owner: postgres
--

CREATE SCHEMA public;


ALTER SCHEMA public OWNER TO postgres;

--
-- Name: SCHEMA public; Type: COMMENT; Schema: -; Owner: postgres
--

COMMENT ON SCHEMA public IS 'standard public schema';


--
-- Name: plpgsql; Type: EXTENSION; Schema: -; Owner: 
--

CREATE EXTENSION IF NOT EXISTS plpgsql WITH SCHEMA pg_catalog;


--
-- Name: EXTENSION plpgsql; Type: COMMENT; Schema: -; Owner: 
--

COMMENT ON EXTENSION plpgsql IS 'PL/pgSQL procedural language';


SET default_tablespace = '';

SET default_with_oids = false;

--
-- Name: app_book; Type: TABLE; Schema: public; Owner: vlad
--

CREATE TABLE public.app_book (
    id integer NOT NULL,
    "Username" character varying(30) NOT NULL,
    "Email" character varying(254) NOT NULL,
    "Reference" character varying(200),
    "Text" text NOT NULL,
    "Image" character varying(100),
    "Date" timestamp with time zone NOT NULL,
    "User_Ip" inet NOT NULL,
    "Browser_Info" text NOT NULL
);


ALTER TABLE public.app_book OWNER TO vlad;

--
-- Name: app_book_id_seq; Type: SEQUENCE; Schema: public; Owner: vlad
--

CREATE SEQUENCE public.app_book_id_seq
    AS integer
    START WITH 1
    INCREMENT BY 1
    NO MINVALUE
    NO MAXVALUE
    CACHE 1;


ALTER TABLE public.app_book_id_seq OWNER TO vlad;

--
-- Name: app_book_id_seq; Type: SEQUENCE OWNED BY; Schema: public; Owner: vlad
--

ALTER SEQUENCE public.app_book_id_seq OWNED BY public.app_book.id;


--
-- Name: app_captcha; Type: TABLE; Schema: public; Owner: vlad
--

CREATE TABLE public.app_captcha (
    id integer NOT NULL,
    "CAPTCHA" text NOT NULL
);


ALTER TABLE public.app_captcha OWNER TO vlad;

--
-- Name: app_captcha_id_seq; Type: SEQUENCE; Schema: public; Owner: vlad
--

CREATE SEQUENCE public.app_captcha_id_seq
    AS integer
    START WITH 1
    INCREMENT BY 1
    NO MINVALUE
    NO MAXVALUE
    CACHE 1;


ALTER TABLE public.app_captcha_id_seq OWNER TO vlad;

--
-- Name: app_captcha_id_seq; Type: SEQUENCE OWNED BY; Schema: public; Owner: vlad
--

ALTER SEQUENCE public.app_captcha_id_seq OWNED BY public.app_captcha.id;


--
-- Name: auth_group; Type: TABLE; Schema: public; Owner: vlad
--

CREATE TABLE public.auth_group (
    id integer NOT NULL,
    name character varying(80) NOT NULL
);


ALTER TABLE public.auth_group OWNER TO vlad;

--
-- Name: auth_group_id_seq; Type: SEQUENCE; Schema: public; Owner: vlad
--

CREATE SEQUENCE public.auth_group_id_seq
    AS integer
    START WITH 1
    INCREMENT BY 1
    NO MINVALUE
    NO MAXVALUE
    CACHE 1;


ALTER TABLE public.auth_group_id_seq OWNER TO vlad;

--
-- Name: auth_group_id_seq; Type: SEQUENCE OWNED BY; Schema: public; Owner: vlad
--

ALTER SEQUENCE public.auth_group_id_seq OWNED BY public.auth_group.id;


--
-- Name: auth_group_permissions; Type: TABLE; Schema: public; Owner: vlad
--

CREATE TABLE public.auth_group_permissions (
    id integer NOT NULL,
    group_id integer NOT NULL,
    permission_id integer NOT NULL
);


ALTER TABLE public.auth_group_permissions OWNER TO vlad;

--
-- Name: auth_group_permissions_id_seq; Type: SEQUENCE; Schema: public; Owner: vlad
--

CREATE SEQUENCE public.auth_group_permissions_id_seq
    AS integer
    START WITH 1
    INCREMENT BY 1
    NO MINVALUE
    NO MAXVALUE
    CACHE 1;


ALTER TABLE public.auth_group_permissions_id_seq OWNER TO vlad;

--
-- Name: auth_group_permissions_id_seq; Type: SEQUENCE OWNED BY; Schema: public; Owner: vlad
--

ALTER SEQUENCE public.auth_group_permissions_id_seq OWNED BY public.auth_group_permissions.id;


--
-- Name: auth_permission; Type: TABLE; Schema: public; Owner: vlad
--

CREATE TABLE public.auth_permission (
    id integer NOT NULL,
    name character varying(255) NOT NULL,
    content_type_id integer NOT NULL,
    codename character varying(100) NOT NULL
);


ALTER TABLE public.auth_permission OWNER TO vlad;

--
-- Name: auth_permission_id_seq; Type: SEQUENCE; Schema: public; Owner: vlad
--

CREATE SEQUENCE public.auth_permission_id_seq
    AS integer
    START WITH 1
    INCREMENT BY 1
    NO MINVALUE
    NO MAXVALUE
    CACHE 1;


ALTER TABLE public.auth_permission_id_seq OWNER TO vlad;

--
-- Name: auth_permission_id_seq; Type: SEQUENCE OWNED BY; Schema: public; Owner: vlad
--

ALTER SEQUENCE public.auth_permission_id_seq OWNED BY public.auth_permission.id;


--
-- Name: auth_user; Type: TABLE; Schema: public; Owner: vlad
--

CREATE TABLE public.auth_user (
    id integer NOT NULL,
    password character varying(128) NOT NULL,
    last_login timestamp with time zone,
    is_superuser boolean NOT NULL,
    username character varying(150) NOT NULL,
    first_name character varying(30) NOT NULL,
    last_name character varying(150) NOT NULL,
    email character varying(254) NOT NULL,
    is_staff boolean NOT NULL,
    is_active boolean NOT NULL,
    date_joined timestamp with time zone NOT NULL
);


ALTER TABLE public.auth_user OWNER TO vlad;

--
-- Name: auth_user_groups; Type: TABLE; Schema: public; Owner: vlad
--

CREATE TABLE public.auth_user_groups (
    id integer NOT NULL,
    user_id integer NOT NULL,
    group_id integer NOT NULL
);


ALTER TABLE public.auth_user_groups OWNER TO vlad;

--
-- Name: auth_user_groups_id_seq; Type: SEQUENCE; Schema: public; Owner: vlad
--

CREATE SEQUENCE public.auth_user_groups_id_seq
    AS integer
    START WITH 1
    INCREMENT BY 1
    NO MINVALUE
    NO MAXVALUE
    CACHE 1;


ALTER TABLE public.auth_user_groups_id_seq OWNER TO vlad;

--
-- Name: auth_user_groups_id_seq; Type: SEQUENCE OWNED BY; Schema: public; Owner: vlad
--

ALTER SEQUENCE public.auth_user_groups_id_seq OWNED BY public.auth_user_groups.id;


--
-- Name: auth_user_id_seq; Type: SEQUENCE; Schema: public; Owner: vlad
--

CREATE SEQUENCE public.auth_user_id_seq
    AS integer
    START WITH 1
    INCREMENT BY 1
    NO MINVALUE
    NO MAXVALUE
    CACHE 1;


ALTER TABLE public.auth_user_id_seq OWNER TO vlad;

--
-- Name: auth_user_id_seq; Type: SEQUENCE OWNED BY; Schema: public; Owner: vlad
--

ALTER SEQUENCE public.auth_user_id_seq OWNED BY public.auth_user.id;


--
-- Name: auth_user_user_permissions; Type: TABLE; Schema: public; Owner: vlad
--

CREATE TABLE public.auth_user_user_permissions (
    id integer NOT NULL,
    user_id integer NOT NULL,
    permission_id integer NOT NULL
);


ALTER TABLE public.auth_user_user_permissions OWNER TO vlad;

--
-- Name: auth_user_user_permissions_id_seq; Type: SEQUENCE; Schema: public; Owner: vlad
--

CREATE SEQUENCE public.auth_user_user_permissions_id_seq
    AS integer
    START WITH 1
    INCREMENT BY 1
    NO MINVALUE
    NO MAXVALUE
    CACHE 1;


ALTER TABLE public.auth_user_user_permissions_id_seq OWNER TO vlad;

--
-- Name: auth_user_user_permissions_id_seq; Type: SEQUENCE OWNED BY; Schema: public; Owner: vlad
--

ALTER SEQUENCE public.auth_user_user_permissions_id_seq OWNED BY public.auth_user_user_permissions.id;


--
-- Name: django_admin_log; Type: TABLE; Schema: public; Owner: vlad
--

CREATE TABLE public.django_admin_log (
    id integer NOT NULL,
    action_time timestamp with time zone NOT NULL,
    object_id text,
    object_repr character varying(200) NOT NULL,
    action_flag smallint NOT NULL,
    change_message text NOT NULL,
    content_type_id integer,
    user_id integer NOT NULL,
    CONSTRAINT django_admin_log_action_flag_check CHECK ((action_flag >= 0))
);


ALTER TABLE public.django_admin_log OWNER TO vlad;

--
-- Name: django_admin_log_id_seq; Type: SEQUENCE; Schema: public; Owner: vlad
--

CREATE SEQUENCE public.django_admin_log_id_seq
    AS integer
    START WITH 1
    INCREMENT BY 1
    NO MINVALUE
    NO MAXVALUE
    CACHE 1;


ALTER TABLE public.django_admin_log_id_seq OWNER TO vlad;

--
-- Name: django_admin_log_id_seq; Type: SEQUENCE OWNED BY; Schema: public; Owner: vlad
--

ALTER SEQUENCE public.django_admin_log_id_seq OWNED BY public.django_admin_log.id;


--
-- Name: django_content_type; Type: TABLE; Schema: public; Owner: vlad
--

CREATE TABLE public.django_content_type (
    id integer NOT NULL,
    app_label character varying(100) NOT NULL,
    model character varying(100) NOT NULL
);


ALTER TABLE public.django_content_type OWNER TO vlad;

--
-- Name: django_content_type_id_seq; Type: SEQUENCE; Schema: public; Owner: vlad
--

CREATE SEQUENCE public.django_content_type_id_seq
    AS integer
    START WITH 1
    INCREMENT BY 1
    NO MINVALUE
    NO MAXVALUE
    CACHE 1;


ALTER TABLE public.django_content_type_id_seq OWNER TO vlad;

--
-- Name: django_content_type_id_seq; Type: SEQUENCE OWNED BY; Schema: public; Owner: vlad
--

ALTER SEQUENCE public.django_content_type_id_seq OWNED BY public.django_content_type.id;


--
-- Name: django_cron_cronjoblog; Type: TABLE; Schema: public; Owner: vlad
--

CREATE TABLE public.django_cron_cronjoblog (
    id integer NOT NULL,
    code character varying(64) NOT NULL,
    start_time timestamp with time zone NOT NULL,
    end_time timestamp with time zone NOT NULL,
    is_success boolean NOT NULL,
    message text NOT NULL,
    ran_at_time time without time zone
);


ALTER TABLE public.django_cron_cronjoblog OWNER TO vlad;

--
-- Name: django_cron_cronjoblog_id_seq; Type: SEQUENCE; Schema: public; Owner: vlad
--

CREATE SEQUENCE public.django_cron_cronjoblog_id_seq
    AS integer
    START WITH 1
    INCREMENT BY 1
    NO MINVALUE
    NO MAXVALUE
    CACHE 1;


ALTER TABLE public.django_cron_cronjoblog_id_seq OWNER TO vlad;

--
-- Name: django_cron_cronjoblog_id_seq; Type: SEQUENCE OWNED BY; Schema: public; Owner: vlad
--

ALTER SEQUENCE public.django_cron_cronjoblog_id_seq OWNED BY public.django_cron_cronjoblog.id;


--
-- Name: django_migrations; Type: TABLE; Schema: public; Owner: vlad
--

CREATE TABLE public.django_migrations (
    id integer NOT NULL,
    app character varying(255) NOT NULL,
    name character varying(255) NOT NULL,
    applied timestamp with time zone NOT NULL
);


ALTER TABLE public.django_migrations OWNER TO vlad;

--
-- Name: django_migrations_id_seq; Type: SEQUENCE; Schema: public; Owner: vlad
--

CREATE SEQUENCE public.django_migrations_id_seq
    AS integer
    START WITH 1
    INCREMENT BY 1
    NO MINVALUE
    NO MAXVALUE
    CACHE 1;


ALTER TABLE public.django_migrations_id_seq OWNER TO vlad;

--
-- Name: django_migrations_id_seq; Type: SEQUENCE OWNED BY; Schema: public; Owner: vlad
--

ALTER SEQUENCE public.django_migrations_id_seq OWNED BY public.django_migrations.id;


--
-- Name: django_session; Type: TABLE; Schema: public; Owner: vlad
--

CREATE TABLE public.django_session (
    session_key character varying(40) NOT NULL,
    session_data text NOT NULL,
    expire_date timestamp with time zone NOT NULL
);


ALTER TABLE public.django_session OWNER TO vlad;

--
-- Name: schedule_calendar; Type: TABLE; Schema: public; Owner: vlad
--

CREATE TABLE public.schedule_calendar (
    id integer NOT NULL,
    name character varying(200) NOT NULL,
    slug character varying(200) NOT NULL
);


ALTER TABLE public.schedule_calendar OWNER TO vlad;

--
-- Name: schedule_calendar_id_seq; Type: SEQUENCE; Schema: public; Owner: vlad
--

CREATE SEQUENCE public.schedule_calendar_id_seq
    AS integer
    START WITH 1
    INCREMENT BY 1
    NO MINVALUE
    NO MAXVALUE
    CACHE 1;


ALTER TABLE public.schedule_calendar_id_seq OWNER TO vlad;

--
-- Name: schedule_calendar_id_seq; Type: SEQUENCE OWNED BY; Schema: public; Owner: vlad
--

ALTER SEQUENCE public.schedule_calendar_id_seq OWNED BY public.schedule_calendar.id;


--
-- Name: schedule_calendarrelation; Type: TABLE; Schema: public; Owner: vlad
--

CREATE TABLE public.schedule_calendarrelation (
    id integer NOT NULL,
    object_id integer NOT NULL,
    distinction character varying(20) NOT NULL,
    inheritable boolean NOT NULL,
    calendar_id integer NOT NULL,
    content_type_id integer NOT NULL
);


ALTER TABLE public.schedule_calendarrelation OWNER TO vlad;

--
-- Name: schedule_calendarrelation_id_seq; Type: SEQUENCE; Schema: public; Owner: vlad
--

CREATE SEQUENCE public.schedule_calendarrelation_id_seq
    AS integer
    START WITH 1
    INCREMENT BY 1
    NO MINVALUE
    NO MAXVALUE
    CACHE 1;


ALTER TABLE public.schedule_calendarrelation_id_seq OWNER TO vlad;

--
-- Name: schedule_calendarrelation_id_seq; Type: SEQUENCE OWNED BY; Schema: public; Owner: vlad
--

ALTER SEQUENCE public.schedule_calendarrelation_id_seq OWNED BY public.schedule_calendarrelation.id;


--
-- Name: schedule_event; Type: TABLE; Schema: public; Owner: vlad
--

CREATE TABLE public.schedule_event (
    id integer NOT NULL,
    start timestamp with time zone NOT NULL,
    "end" timestamp with time zone NOT NULL,
    title character varying(255) NOT NULL,
    description text NOT NULL,
    created_on timestamp with time zone NOT NULL,
    updated_on timestamp with time zone NOT NULL,
    end_recurring_period timestamp with time zone,
    calendar_id integer NOT NULL,
    creator_id integer,
    rule_id integer,
    color_event character varying(10) NOT NULL
);


ALTER TABLE public.schedule_event OWNER TO vlad;

--
-- Name: schedule_event_id_seq; Type: SEQUENCE; Schema: public; Owner: vlad
--

CREATE SEQUENCE public.schedule_event_id_seq
    AS integer
    START WITH 1
    INCREMENT BY 1
    NO MINVALUE
    NO MAXVALUE
    CACHE 1;


ALTER TABLE public.schedule_event_id_seq OWNER TO vlad;

--
-- Name: schedule_event_id_seq; Type: SEQUENCE OWNED BY; Schema: public; Owner: vlad
--

ALTER SEQUENCE public.schedule_event_id_seq OWNED BY public.schedule_event.id;


--
-- Name: schedule_eventrelation; Type: TABLE; Schema: public; Owner: vlad
--

CREATE TABLE public.schedule_eventrelation (
    id integer NOT NULL,
    object_id integer NOT NULL,
    distinction character varying(20) NOT NULL,
    content_type_id integer NOT NULL,
    event_id integer NOT NULL
);


ALTER TABLE public.schedule_eventrelation OWNER TO vlad;

--
-- Name: schedule_eventrelation_id_seq; Type: SEQUENCE; Schema: public; Owner: vlad
--

CREATE SEQUENCE public.schedule_eventrelation_id_seq
    AS integer
    START WITH 1
    INCREMENT BY 1
    NO MINVALUE
    NO MAXVALUE
    CACHE 1;


ALTER TABLE public.schedule_eventrelation_id_seq OWNER TO vlad;

--
-- Name: schedule_eventrelation_id_seq; Type: SEQUENCE OWNED BY; Schema: public; Owner: vlad
--

ALTER SEQUENCE public.schedule_eventrelation_id_seq OWNED BY public.schedule_eventrelation.id;


--
-- Name: schedule_occurrence; Type: TABLE; Schema: public; Owner: vlad
--

CREATE TABLE public.schedule_occurrence (
    id integer NOT NULL,
    title character varying(255) NOT NULL,
    description text NOT NULL,
    start timestamp with time zone NOT NULL,
    "end" timestamp with time zone NOT NULL,
    cancelled boolean NOT NULL,
    original_start timestamp with time zone NOT NULL,
    original_end timestamp with time zone NOT NULL,
    created_on timestamp with time zone NOT NULL,
    updated_on timestamp with time zone NOT NULL,
    event_id integer NOT NULL
);


ALTER TABLE public.schedule_occurrence OWNER TO vlad;

--
-- Name: schedule_occurrence_id_seq; Type: SEQUENCE; Schema: public; Owner: vlad
--

CREATE SEQUENCE public.schedule_occurrence_id_seq
    AS integer
    START WITH 1
    INCREMENT BY 1
    NO MINVALUE
    NO MAXVALUE
    CACHE 1;


ALTER TABLE public.schedule_occurrence_id_seq OWNER TO vlad;

--
-- Name: schedule_occurrence_id_seq; Type: SEQUENCE OWNED BY; Schema: public; Owner: vlad
--

ALTER SEQUENCE public.schedule_occurrence_id_seq OWNED BY public.schedule_occurrence.id;


--
-- Name: schedule_rule; Type: TABLE; Schema: public; Owner: vlad
--

CREATE TABLE public.schedule_rule (
    id integer NOT NULL,
    name character varying(32) NOT NULL,
    description text NOT NULL,
    frequency character varying(10) NOT NULL,
    params text NOT NULL
);


ALTER TABLE public.schedule_rule OWNER TO vlad;

--
-- Name: schedule_rule_id_seq; Type: SEQUENCE; Schema: public; Owner: vlad
--

CREATE SEQUENCE public.schedule_rule_id_seq
    AS integer
    START WITH 1
    INCREMENT BY 1
    NO MINVALUE
    NO MAXVALUE
    CACHE 1;


ALTER TABLE public.schedule_rule_id_seq OWNER TO vlad;

--
-- Name: schedule_rule_id_seq; Type: SEQUENCE OWNED BY; Schema: public; Owner: vlad
--

ALTER SEQUENCE public.schedule_rule_id_seq OWNED BY public.schedule_rule.id;


--
-- Name: app_book id; Type: DEFAULT; Schema: public; Owner: vlad
--

ALTER TABLE ONLY public.app_book ALTER COLUMN id SET DEFAULT nextval('public.app_book_id_seq'::regclass);


--
-- Name: app_captcha id; Type: DEFAULT; Schema: public; Owner: vlad
--

ALTER TABLE ONLY public.app_captcha ALTER COLUMN id SET DEFAULT nextval('public.app_captcha_id_seq'::regclass);


--
-- Name: auth_group id; Type: DEFAULT; Schema: public; Owner: vlad
--

ALTER TABLE ONLY public.auth_group ALTER COLUMN id SET DEFAULT nextval('public.auth_group_id_seq'::regclass);


--
-- Name: auth_group_permissions id; Type: DEFAULT; Schema: public; Owner: vlad
--

ALTER TABLE ONLY public.auth_group_permissions ALTER COLUMN id SET DEFAULT nextval('public.auth_group_permissions_id_seq'::regclass);


--
-- Name: auth_permission id; Type: DEFAULT; Schema: public; Owner: vlad
--

ALTER TABLE ONLY public.auth_permission ALTER COLUMN id SET DEFAULT nextval('public.auth_permission_id_seq'::regclass);


--
-- Name: auth_user id; Type: DEFAULT; Schema: public; Owner: vlad
--

ALTER TABLE ONLY public.auth_user ALTER COLUMN id SET DEFAULT nextval('public.auth_user_id_seq'::regclass);


--
-- Name: auth_user_groups id; Type: DEFAULT; Schema: public; Owner: vlad
--

ALTER TABLE ONLY public.auth_user_groups ALTER COLUMN id SET DEFAULT nextval('public.auth_user_groups_id_seq'::regclass);


--
-- Name: auth_user_user_permissions id; Type: DEFAULT; Schema: public; Owner: vlad
--

ALTER TABLE ONLY public.auth_user_user_permissions ALTER COLUMN id SET DEFAULT nextval('public.auth_user_user_permissions_id_seq'::regclass);


--
-- Name: django_admin_log id; Type: DEFAULT; Schema: public; Owner: vlad
--

ALTER TABLE ONLY public.django_admin_log ALTER COLUMN id SET DEFAULT nextval('public.django_admin_log_id_seq'::regclass);


--
-- Name: django_content_type id; Type: DEFAULT; Schema: public; Owner: vlad
--

ALTER TABLE ONLY public.django_content_type ALTER COLUMN id SET DEFAULT nextval('public.django_content_type_id_seq'::regclass);


--
-- Name: django_cron_cronjoblog id; Type: DEFAULT; Schema: public; Owner: vlad
--

ALTER TABLE ONLY public.django_cron_cronjoblog ALTER COLUMN id SET DEFAULT nextval('public.django_cron_cronjoblog_id_seq'::regclass);


--
-- Name: django_migrations id; Type: DEFAULT; Schema: public; Owner: vlad
--

ALTER TABLE ONLY public.django_migrations ALTER COLUMN id SET DEFAULT nextval('public.django_migrations_id_seq'::regclass);


--
-- Name: schedule_calendar id; Type: DEFAULT; Schema: public; Owner: vlad
--

ALTER TABLE ONLY public.schedule_calendar ALTER COLUMN id SET DEFAULT nextval('public.schedule_calendar_id_seq'::regclass);


--
-- Name: schedule_calendarrelation id; Type: DEFAULT; Schema: public; Owner: vlad
--

ALTER TABLE ONLY public.schedule_calendarrelation ALTER COLUMN id SET DEFAULT nextval('public.schedule_calendarrelation_id_seq'::regclass);


--
-- Name: schedule_event id; Type: DEFAULT; Schema: public; Owner: vlad
--

ALTER TABLE ONLY public.schedule_event ALTER COLUMN id SET DEFAULT nextval('public.schedule_event_id_seq'::regclass);


--
-- Name: schedule_eventrelation id; Type: DEFAULT; Schema: public; Owner: vlad
--

ALTER TABLE ONLY public.schedule_eventrelation ALTER COLUMN id SET DEFAULT nextval('public.schedule_eventrelation_id_seq'::regclass);


--
-- Name: schedule_occurrence id; Type: DEFAULT; Schema: public; Owner: vlad
--

ALTER TABLE ONLY public.schedule_occurrence ALTER COLUMN id SET DEFAULT nextval('public.schedule_occurrence_id_seq'::regclass);


--
-- Name: schedule_rule id; Type: DEFAULT; Schema: public; Owner: vlad
--

ALTER TABLE ONLY public.schedule_rule ALTER COLUMN id SET DEFAULT nextval('public.schedule_rule_id_seq'::regclass);


--
-- Data for Name: app_book; Type: TABLE DATA; Schema: public; Owner: vlad
--

COPY public.app_book (id, "Username", "Email", "Reference", "Text", "Image", "Date", "User_Ip", "Browser_Info") FROM stdin;
19	Vladanak	vlade@gmail.com	https://vk.com	fwefwef	dad.png	2018-10-29 21:31:25.953893+00	127.0.0.1	Mozilla/5.0 (X11; Linux x86_64) AppleWebKit/537.36 (KHTML, like Gecko) Ubuntu Chromium/69.0.3497.81 Chrome/69.0.3497.81 Safari/537.36
21	SSEfwe	vladee@gmail.com	https://vk.com	fwefwfe	de.png	2018-10-29 22:54:48.934179+00	127.0.0.1	Mozilla/5.0 (X11; Linux x86_64) AppleWebKit/537.36 (KHTML, like Gecko) Ubuntu Chromium/69.0.3497.81 Chrome/69.0.3497.81 Safari/537.36
\.


--
-- Data for Name: app_captcha; Type: TABLE DATA; Schema: public; Owner: vlad
--

COPY public.app_captcha (id, "CAPTCHA") FROM stdin;
1	6LcR1XYUAAAAAKgKVOvGrpPUvqka_4kP7ZkjEgj9
\.


--
-- Data for Name: auth_group; Type: TABLE DATA; Schema: public; Owner: vlad
--

COPY public.auth_group (id, name) FROM stdin;
\.


--
-- Data for Name: auth_group_permissions; Type: TABLE DATA; Schema: public; Owner: vlad
--

COPY public.auth_group_permissions (id, group_id, permission_id) FROM stdin;
\.


--
-- Data for Name: auth_permission; Type: TABLE DATA; Schema: public; Owner: vlad
--

COPY public.auth_permission (id, name, content_type_id, codename) FROM stdin;
1	Can add log entry	1	add_logentry
2	Can change log entry	1	change_logentry
3	Can delete log entry	1	delete_logentry
4	Can view log entry	1	view_logentry
5	Can add permission	2	add_permission
6	Can change permission	2	change_permission
7	Can delete permission	2	delete_permission
8	Can view permission	2	view_permission
9	Can add group	3	add_group
10	Can change group	3	change_group
11	Can delete group	3	delete_group
12	Can view group	3	view_group
13	Can add user	4	add_user
14	Can change user	4	change_user
15	Can delete user	4	delete_user
16	Can view user	4	view_user
17	Can add content type	5	add_contenttype
18	Can change content type	5	change_contenttype
19	Can delete content type	5	delete_contenttype
20	Can view content type	5	view_contenttype
21	Can add session	6	add_session
22	Can change session	6	change_session
23	Can delete session	6	delete_session
24	Can view session	6	view_session
25	Can add book	7	add_book
26	Can change book	7	change_book
27	Can delete book	7	delete_book
28	Can view book	7	view_book
29	Can add captcha	8	add_captcha
30	Can change captcha	8	change_captcha
31	Can delete captcha	8	delete_captcha
32	Can view captcha	8	view_captcha
33	Can add cron job log	9	add_cronjoblog
34	Can change cron job log	9	change_cronjoblog
35	Can delete cron job log	9	delete_cronjoblog
36	Can view cron job log	9	view_cronjoblog
37	Can add calendar	10	add_calendar
38	Can change calendar	10	change_calendar
39	Can delete calendar	10	delete_calendar
40	Can view calendar	10	view_calendar
41	Can add calendar relation	11	add_calendarrelation
42	Can change calendar relation	11	change_calendarrelation
43	Can delete calendar relation	11	delete_calendarrelation
44	Can view calendar relation	11	view_calendarrelation
45	Can add event	12	add_event
46	Can change event	12	change_event
47	Can delete event	12	delete_event
48	Can view event	12	view_event
49	Can add event relation	13	add_eventrelation
50	Can change event relation	13	change_eventrelation
51	Can delete event relation	13	delete_eventrelation
52	Can view event relation	13	view_eventrelation
53	Can add occurrence	14	add_occurrence
54	Can change occurrence	14	change_occurrence
55	Can delete occurrence	14	delete_occurrence
56	Can view occurrence	14	view_occurrence
57	Can add rule	15	add_rule
58	Can change rule	15	change_rule
59	Can delete rule	15	delete_rule
60	Can view rule	15	view_rule
\.


--
-- Data for Name: auth_user; Type: TABLE DATA; Schema: public; Owner: vlad
--

COPY public.auth_user (id, password, last_login, is_superuser, username, first_name, last_name, email, is_staff, is_active, date_joined) FROM stdin;
1	pbkdf2_sha256$120000$Y58SxU5VWwK7$yoaAhjDf8kWauVrHBoxU9AiwR+5gfveS2Wz/6SJFuyk=	2018-10-24 19:37:48.662323+00	t	Vladanak			vladmyr89@gmail.com	t	t	2018-10-24 07:19:41.449199+00
\.


--
-- Data for Name: auth_user_groups; Type: TABLE DATA; Schema: public; Owner: vlad
--

COPY public.auth_user_groups (id, user_id, group_id) FROM stdin;
\.


--
-- Data for Name: auth_user_user_permissions; Type: TABLE DATA; Schema: public; Owner: vlad
--

COPY public.auth_user_user_permissions (id, user_id, permission_id) FROM stdin;
\.


--
-- Data for Name: django_admin_log; Type: TABLE DATA; Schema: public; Owner: vlad
--

COPY public.django_admin_log (id, action_time, object_id, object_repr, action_flag, change_message, content_type_id, user_id) FROM stdin;
1	2018-10-24 20:02:05.594265+00	1	Book object (1)	1	[{"added": {}}]	7	1
2	2018-10-24 20:02:13.895095+00	1	Book object (1)	2	[]	7	1
3	2018-10-24 21:46:29.128514+00	1	Book object (1)	2	[{"changed": {"fields": ["Image"]}}]	7	1
4	2018-10-24 21:46:45.288728+00	1	Book object (1)	2	[{"changed": {"fields": ["Image"]}}]	7	1
5	2018-10-25 19:27:37.678873+00	1	Captcha object (1)	1	[{"added": {}}]	8	1
6	2018-10-25 21:24:36.30792+00	1	Book object (1)	2	[{"changed": {"fields": ["Image"]}}]	7	1
7	2018-10-25 21:24:49.2414+00	1	Book object (1)	2	[{"changed": {"fields": ["Image"]}}]	7	1
8	2018-10-25 21:26:30.837382+00	1	Book object (1)	2	[{"changed": {"fields": ["Image"]}}]	7	1
9	2018-10-25 21:26:47.857181+00	1	Book object (1)	2	[{"changed": {"fields": ["Image"]}}]	7	1
10	2018-10-25 22:14:52.860389+00	2	Book object (2)	1	[{"added": {}}]	7	1
11	2018-10-25 22:15:59.217878+00	2	Book object (2)	2	[{"changed": {"fields": ["Image"]}}]	7	1
12	2018-10-25 22:16:09.717271+00	2	Book object (2)	2	[{"changed": {"fields": ["Image"]}}]	7	1
13	2018-10-25 22:18:09.866718+00	2	Book object (2)	3		7	1
14	2018-10-25 22:19:07.57706+00	3	Book object (3)	1	[{"added": {}}]	7	1
15	2018-10-26 18:59:19.218959+00	1	Rule First params some	1	[{"added": {}}]	15	1
16	2018-10-26 18:59:35.296953+00	1	Calendar	1	[{"added": {}}]	10	1
17	2018-10-26 19:04:24.917599+00	1	Dbbackup: Oct. 26, 2018 - Oct. 31, 2018	1	[{"added": {}}]	12	1
18	2018-10-26 19:05:41.661792+00	1	Oct. 26, 2018 to Oct. 31, 2018	1	[{"added": {}}]	14	1
19	2018-10-26 19:06:21.383188+00	1	Calendar - Dbbackup: Oct. 26, 2018 - Oct. 31, 2018	1	[{"added": {}}]	11	1
20	2018-10-26 19:57:12.770817+00	1	Calendar	2	[]	10	1
21	2018-10-26 21:30:14.370581+00	6	Book object (6)	1	[{"added": {}}]	7	1
22	2018-10-26 21:32:30.513983+00	7	Book object (7)	1	[{"added": {}}]	7	1
23	2018-10-26 21:33:19.788648+00	8	Book object (8)	1	[{"added": {}}]	7	1
24	2018-10-26 21:33:54.394705+00	9	Book object (9)	1	[{"added": {}}]	7	1
25	2018-10-26 21:34:39.008264+00	10	Book object (10)	1	[{"added": {}}]	7	1
26	2018-10-26 21:35:06.757557+00	11	Book object (11)	1	[{"added": {}}]	7	1
27	2018-10-26 21:35:38.989557+00	12	Book object (12)	1	[{"added": {}}]	7	1
28	2018-10-26 21:37:41.565548+00	13	Book object (13)	1	[{"added": {}}]	7	1
29	2018-10-30 09:23:09.761437+00	2	Main	1	[{"added": {}}]	10	1
30	2018-10-30 09:23:26.635609+00	4	Project	1	[{"added": {}}]	10	1
31	2018-10-30 09:24:13.354324+00	4	Project	3		10	1
32	2018-10-30 09:24:13.388368+00	2	Main	3		10	1
33	2018-10-30 09:25:43.974529+00	1	Rule First params some	2	[]	15	1
34	2018-10-30 09:26:56.596662+00	1	Dbbackup: Oct. 30, 2018 - Oct. 31, 2018	2	[{"changed": {"fields": ["start", "end_recurring_period"]}}]	12	1
35	2018-10-30 09:27:16.150731+00	1	Oct. 26, 2018 to Oct. 31, 2018	2	[{"changed": {"fields": ["description"]}}]	14	1
36	2018-10-30 09:27:30.58281+00	1	Rule First params some	2	[]	15	1
37	2018-10-30 09:27:51.327648+00	1	Calendar - Dbbackup: Oct. 30, 2018 - Oct. 31, 2018	2	[]	11	1
38	2018-10-30 09:28:25.337847+00	1	Calendar	2	[]	10	1
39	2018-10-30 09:28:33.028368+00	1	Calendar	3		10	1
40	2018-10-30 09:28:48.966263+00	1	Rule First params some	3		15	1
41	2018-10-30 09:40:16.071909+00	5	Main	1	[{"added": {}}]	10	1
42	2018-10-30 09:41:09.726518+00	2	Rule First_Rule params Params	1	[{"added": {}}]	15	1
43	2018-10-30 09:51:38.7284+00	2	Backup: Oct. 30, 2018 - Oct. 30, 2019	1	[{"added": {}}]	12	1
44	2018-10-30 09:52:27.115647+00	2	Oct. 30, 2018 to Oct. 30, 2019	1	[{"added": {}}]	14	1
45	2018-10-30 09:52:58.832214+00	2	Main - None	1	[{"added": {}}]	11	1
46	2018-10-30 09:58:24.787206+00	2	Backup: Oct. 30, 2018 - Oct. 30, 2019	2	[{"changed": {"fields": ["end_recurring_period"]}}]	12	1
47	2018-10-30 10:00:14.997883+00	2	Oct. 31, 2018 to Oct. 31, 2019	2	[{"changed": {"fields": ["start", "end", "original_start", "original_end"]}}]	14	1
48	2018-10-30 10:00:46.803465+00	2	Backup: Oct. 30, 2018 - Oct. 30, 2019	2	[]	12	1
49	2018-10-30 10:02:13.703336+00	2	Backup: Oct. 31, 2018 - Oct. 31, 2019	2	[{"changed": {"fields": ["start", "end"]}}]	12	1
\.


--
-- Data for Name: django_content_type; Type: TABLE DATA; Schema: public; Owner: vlad
--

COPY public.django_content_type (id, app_label, model) FROM stdin;
1	admin	logentry
2	auth	permission
3	auth	group
4	auth	user
5	contenttypes	contenttype
6	sessions	session
7	app	book
8	app	captcha
9	django_cron	cronjoblog
10	schedule	calendar
11	schedule	calendarrelation
12	schedule	event
13	schedule	eventrelation
14	schedule	occurrence
15	schedule	rule
\.


--
-- Data for Name: django_cron_cronjoblog; Type: TABLE DATA; Schema: public; Owner: vlad
--

COPY public.django_cron_cronjoblog (id, code, start_time, end_time, is_success, message, ran_at_time) FROM stdin;
1	app.Backup	2018-10-26 16:01:29.114712+00	2018-10-26 16:01:30.269177+00	f	commands/dbbackup.py", line 61, in handle\n    self._save_new_backup(database)\n  File "/home/vladislav/.local/lib/python3.6/site-packages/dbbackup/management/commands/dbbackup.py", line 88, in _save_new_backup\n    self.write_to_storage(outputfile, filename)\n  File "/home/vladislav/.local/lib/python3.6/site-packages/dbbackup/management/commands/_base.py", line 88, in write_to_storage\n    self.storage.write_file(file, path)\n  File "/home/vladislav/.local/lib/python3.6/site-packages/dbbackup/storage.py", line 82, in write_file\n    self.storage.save(name=filename, content=filehandle)\n  File "/home/vladislav/.local/lib/python3.6/site-packages/django/core/files/storage.py", line 49, in save\n    return self._save(name, content)\n  File "/home/vladislav/.local/lib/python3.6/site-packages/django/core/files/storage.py", line 264, in _save\n    fd = os.open(full_path, flags, 0o666)\nPermissionError: [Errno 13] Permission denied: '/var/backups/default-vladislav-Aspire-ES1-711G-2018-10-26-160129.psql'\n	00:00:00
2	app.Backup	2018-10-26 16:01:45.221896+00	2018-10-26 16:01:45.850317+00	t		00:00:00
\.


--
-- Data for Name: django_migrations; Type: TABLE DATA; Schema: public; Owner: vlad
--

COPY public.django_migrations (id, app, name, applied) FROM stdin;
1	contenttypes	0001_initial	2018-10-24 07:18:35.49144+00
2	auth	0001_initial	2018-10-24 07:18:36.569363+00
3	admin	0001_initial	2018-10-24 07:18:36.801879+00
4	admin	0002_logentry_remove_auto_add	2018-10-24 07:18:36.877276+00
5	admin	0003_logentry_add_action_flag_choices	2018-10-24 07:18:36.922133+00
6	contenttypes	0002_remove_content_type_name	2018-10-24 07:18:37.067528+00
7	auth	0002_alter_permission_name_max_length	2018-10-24 07:18:37.100505+00
8	auth	0003_alter_user_email_max_length	2018-10-24 07:18:37.14482+00
9	auth	0004_alter_user_username_opts	2018-10-24 07:18:37.176407+00
10	auth	0005_alter_user_last_login_null	2018-10-24 07:18:37.222314+00
11	auth	0006_require_contenttypes_0002	2018-10-24 07:18:37.233629+00
12	auth	0007_alter_validators_add_error_messages	2018-10-24 07:18:37.263451+00
13	auth	0008_alter_user_username_max_length	2018-10-24 07:18:37.344363+00
14	auth	0009_alter_user_last_name_max_length	2018-10-24 07:18:37.410766+00
15	sessions	0001_initial	2018-10-24 07:18:37.621374+00
16	app	0001_initial	2018-10-24 19:40:55.089257+00
17	app	0002_auto_20181024_2145	2018-10-24 21:45:16.583652+00
18	app	0003_auto_20181025_1927	2018-10-25 19:27:17.806559+00
19	app	0004_auto_20181025_2208	2018-10-25 22:08:38.486507+00
20	app	0005_auto_20181026_1255	2018-10-26 12:55:47.435914+00
21	django_cron	0001_initial	2018-10-26 16:01:23.915134+00
22	django_cron	0002_remove_max_length_from_CronJobLog_message	2018-10-26 16:01:23.948599+00
23	schedule	0001_initial	2018-10-26 18:56:00.079912+00
24	schedule	0002_event_color_event	2018-10-26 18:56:00.134565+00
25	schedule	0003_auto_20160715_0028	2018-10-26 18:56:00.588537+00
26	schedule	0006_update_text_fields_empty_string	2018-10-26 18:56:00.651855+00
27	schedule	0004_text_fields_not_null	2018-10-26 18:56:00.921707+00
28	schedule	0005_verbose_name_plural_for_calendar	2018-10-26 18:56:00.948094+00
29	schedule	0007_merge_text_fields	2018-10-26 18:56:00.966562+00
30	schedule	0008_gfk_index	2018-10-26 18:56:01.255866+00
31	schedule	0008_calendar_slug_unique	2018-10-26 18:56:01.442498+00
32	schedule	0009_merge_20180108_2303	2018-10-26 18:56:01.453319+00
33	schedule	0010_events_set_missing_calendar	2018-10-26 18:56:01.508614+00
34	schedule	0011_event_calendar_not_null	2018-10-26 18:56:01.58537+00
35	app	0006_auto_20181029_2044	2018-10-29 20:44:38.764379+00
36	app	0007_auto_20181029_2126	2018-10-29 21:26:32.18549+00
\.


--
-- Data for Name: django_session; Type: TABLE DATA; Schema: public; Owner: vlad
--

COPY public.django_session (session_key, session_data, expire_date) FROM stdin;
0llonnn74azlki6ofdnrz3kqxgyh4yea	NDRjZjU0YTBiMTA1M2ZmZDUwOTY1MmI5YThmNzZjNjA1OWViZDI3Njp7Il9hdXRoX3VzZXJfaWQiOiIxIiwiX2F1dGhfdXNlcl9iYWNrZW5kIjoiZGphbmdvLmNvbnRyaWIuYXV0aC5iYWNrZW5kcy5Nb2RlbEJhY2tlbmQiLCJfYXV0aF91c2VyX2hhc2giOiIxZGM4MzExNDZkZmE2MjYzYzRlMGI3YWE4ZDBjYTM3MmRhNTVhODNkIn0=	2018-11-07 19:37:48.730837+00
\.


--
-- Data for Name: schedule_calendar; Type: TABLE DATA; Schema: public; Owner: vlad
--

COPY public.schedule_calendar (id, name, slug) FROM stdin;
5	Main	main
\.


--
-- Data for Name: schedule_calendarrelation; Type: TABLE DATA; Schema: public; Owner: vlad
--

COPY public.schedule_calendarrelation (id, object_id, distinction, inheritable, calendar_id, content_type_id) FROM stdin;
2	1	Yeee!	t	5	12
\.


--
-- Data for Name: schedule_event; Type: TABLE DATA; Schema: public; Owner: vlad
--

COPY public.schedule_event (id, start, "end", title, description, created_on, updated_on, end_recurring_period, calendar_id, creator_id, rule_id, color_event) FROM stdin;
2	2018-10-31 00:00:00+00	2019-10-31 00:00:00+00	Backup	Backupa every day at 00:00	2018-10-30 09:51:38.694212+00	2018-10-30 10:02:13.699321+00	\N	5	1	2	#000000
\.


--
-- Data for Name: schedule_eventrelation; Type: TABLE DATA; Schema: public; Owner: vlad
--

COPY public.schedule_eventrelation (id, object_id, distinction, content_type_id, event_id) FROM stdin;
\.


--
-- Data for Name: schedule_occurrence; Type: TABLE DATA; Schema: public; Owner: vlad
--

COPY public.schedule_occurrence (id, title, description, start, "end", cancelled, original_start, original_end, created_on, updated_on, event_id) FROM stdin;
2	Dbbackup	Django backup	2018-10-31 00:00:00+00	2019-10-31 00:00:00+00	f	2018-10-31 00:00:00+00	2019-10-31 00:00:00+00	2018-10-30 09:52:27.049671+00	2018-10-30 10:00:14.992559+00	2
\.


--
-- Data for Name: schedule_rule; Type: TABLE DATA; Schema: public; Owner: vlad
--

COPY public.schedule_rule (id, name, description, frequency, params) FROM stdin;
2	First_Rule	Rule for event	DAILY	Params
\.


--
-- Name: app_book_id_seq; Type: SEQUENCE SET; Schema: public; Owner: vlad
--

SELECT pg_catalog.setval('public.app_book_id_seq', 21, true);


--
-- Name: app_captcha_id_seq; Type: SEQUENCE SET; Schema: public; Owner: vlad
--

SELECT pg_catalog.setval('public.app_captcha_id_seq', 1, true);


--
-- Name: auth_group_id_seq; Type: SEQUENCE SET; Schema: public; Owner: vlad
--

SELECT pg_catalog.setval('public.auth_group_id_seq', 1, false);


--
-- Name: auth_group_permissions_id_seq; Type: SEQUENCE SET; Schema: public; Owner: vlad
--

SELECT pg_catalog.setval('public.auth_group_permissions_id_seq', 1, false);


--
-- Name: auth_permission_id_seq; Type: SEQUENCE SET; Schema: public; Owner: vlad
--

SELECT pg_catalog.setval('public.auth_permission_id_seq', 60, true);


--
-- Name: auth_user_groups_id_seq; Type: SEQUENCE SET; Schema: public; Owner: vlad
--

SELECT pg_catalog.setval('public.auth_user_groups_id_seq', 1, false);


--
-- Name: auth_user_id_seq; Type: SEQUENCE SET; Schema: public; Owner: vlad
--

SELECT pg_catalog.setval('public.auth_user_id_seq', 1, true);


--
-- Name: auth_user_user_permissions_id_seq; Type: SEQUENCE SET; Schema: public; Owner: vlad
--

SELECT pg_catalog.setval('public.auth_user_user_permissions_id_seq', 1, false);


--
-- Name: django_admin_log_id_seq; Type: SEQUENCE SET; Schema: public; Owner: vlad
--

SELECT pg_catalog.setval('public.django_admin_log_id_seq', 49, true);


--
-- Name: django_content_type_id_seq; Type: SEQUENCE SET; Schema: public; Owner: vlad
--

SELECT pg_catalog.setval('public.django_content_type_id_seq', 15, true);


--
-- Name: django_cron_cronjoblog_id_seq; Type: SEQUENCE SET; Schema: public; Owner: vlad
--

SELECT pg_catalog.setval('public.django_cron_cronjoblog_id_seq', 2, true);


--
-- Name: django_migrations_id_seq; Type: SEQUENCE SET; Schema: public; Owner: vlad
--

SELECT pg_catalog.setval('public.django_migrations_id_seq', 36, true);


--
-- Name: schedule_calendar_id_seq; Type: SEQUENCE SET; Schema: public; Owner: vlad
--

SELECT pg_catalog.setval('public.schedule_calendar_id_seq', 5, true);


--
-- Name: schedule_calendarrelation_id_seq; Type: SEQUENCE SET; Schema: public; Owner: vlad
--

SELECT pg_catalog.setval('public.schedule_calendarrelation_id_seq', 2, true);


--
-- Name: schedule_event_id_seq; Type: SEQUENCE SET; Schema: public; Owner: vlad
--

SELECT pg_catalog.setval('public.schedule_event_id_seq', 2, true);


--
-- Name: schedule_eventrelation_id_seq; Type: SEQUENCE SET; Schema: public; Owner: vlad
--

SELECT pg_catalog.setval('public.schedule_eventrelation_id_seq', 1, false);


--
-- Name: schedule_occurrence_id_seq; Type: SEQUENCE SET; Schema: public; Owner: vlad
--

SELECT pg_catalog.setval('public.schedule_occurrence_id_seq', 2, true);


--
-- Name: schedule_rule_id_seq; Type: SEQUENCE SET; Schema: public; Owner: vlad
--

SELECT pg_catalog.setval('public.schedule_rule_id_seq', 2, true);


--
-- Name: app_book app_book_Email_key; Type: CONSTRAINT; Schema: public; Owner: vlad
--

ALTER TABLE ONLY public.app_book
    ADD CONSTRAINT "app_book_Email_key" UNIQUE ("Email");


--
-- Name: app_book app_book_Username_key; Type: CONSTRAINT; Schema: public; Owner: vlad
--

ALTER TABLE ONLY public.app_book
    ADD CONSTRAINT "app_book_Username_key" UNIQUE ("Username");


--
-- Name: app_book app_book_pkey; Type: CONSTRAINT; Schema: public; Owner: vlad
--

ALTER TABLE ONLY public.app_book
    ADD CONSTRAINT app_book_pkey PRIMARY KEY (id);


--
-- Name: app_captcha app_captcha_pkey; Type: CONSTRAINT; Schema: public; Owner: vlad
--

ALTER TABLE ONLY public.app_captcha
    ADD CONSTRAINT app_captcha_pkey PRIMARY KEY (id);


--
-- Name: auth_group auth_group_name_key; Type: CONSTRAINT; Schema: public; Owner: vlad
--

ALTER TABLE ONLY public.auth_group
    ADD CONSTRAINT auth_group_name_key UNIQUE (name);


--
-- Name: auth_group_permissions auth_group_permissions_group_id_permission_id_0cd325b0_uniq; Type: CONSTRAINT; Schema: public; Owner: vlad
--

ALTER TABLE ONLY public.auth_group_permissions
    ADD CONSTRAINT auth_group_permissions_group_id_permission_id_0cd325b0_uniq UNIQUE (group_id, permission_id);


--
-- Name: auth_group_permissions auth_group_permissions_pkey; Type: CONSTRAINT; Schema: public; Owner: vlad
--

ALTER TABLE ONLY public.auth_group_permissions
    ADD CONSTRAINT auth_group_permissions_pkey PRIMARY KEY (id);


--
-- Name: auth_group auth_group_pkey; Type: CONSTRAINT; Schema: public; Owner: vlad
--

ALTER TABLE ONLY public.auth_group
    ADD CONSTRAINT auth_group_pkey PRIMARY KEY (id);


--
-- Name: auth_permission auth_permission_content_type_id_codename_01ab375a_uniq; Type: CONSTRAINT; Schema: public; Owner: vlad
--

ALTER TABLE ONLY public.auth_permission
    ADD CONSTRAINT auth_permission_content_type_id_codename_01ab375a_uniq UNIQUE (content_type_id, codename);


--
-- Name: auth_permission auth_permission_pkey; Type: CONSTRAINT; Schema: public; Owner: vlad
--

ALTER TABLE ONLY public.auth_permission
    ADD CONSTRAINT auth_permission_pkey PRIMARY KEY (id);


--
-- Name: auth_user_groups auth_user_groups_pkey; Type: CONSTRAINT; Schema: public; Owner: vlad
--

ALTER TABLE ONLY public.auth_user_groups
    ADD CONSTRAINT auth_user_groups_pkey PRIMARY KEY (id);


--
-- Name: auth_user_groups auth_user_groups_user_id_group_id_94350c0c_uniq; Type: CONSTRAINT; Schema: public; Owner: vlad
--

ALTER TABLE ONLY public.auth_user_groups
    ADD CONSTRAINT auth_user_groups_user_id_group_id_94350c0c_uniq UNIQUE (user_id, group_id);


--
-- Name: auth_user auth_user_pkey; Type: CONSTRAINT; Schema: public; Owner: vlad
--

ALTER TABLE ONLY public.auth_user
    ADD CONSTRAINT auth_user_pkey PRIMARY KEY (id);


--
-- Name: auth_user_user_permissions auth_user_user_permissions_pkey; Type: CONSTRAINT; Schema: public; Owner: vlad
--

ALTER TABLE ONLY public.auth_user_user_permissions
    ADD CONSTRAINT auth_user_user_permissions_pkey PRIMARY KEY (id);


--
-- Name: auth_user_user_permissions auth_user_user_permissions_user_id_permission_id_14a6b632_uniq; Type: CONSTRAINT; Schema: public; Owner: vlad
--

ALTER TABLE ONLY public.auth_user_user_permissions
    ADD CONSTRAINT auth_user_user_permissions_user_id_permission_id_14a6b632_uniq UNIQUE (user_id, permission_id);


--
-- Name: auth_user auth_user_username_key; Type: CONSTRAINT; Schema: public; Owner: vlad
--

ALTER TABLE ONLY public.auth_user
    ADD CONSTRAINT auth_user_username_key UNIQUE (username);


--
-- Name: django_admin_log django_admin_log_pkey; Type: CONSTRAINT; Schema: public; Owner: vlad
--

ALTER TABLE ONLY public.django_admin_log
    ADD CONSTRAINT django_admin_log_pkey PRIMARY KEY (id);


--
-- Name: django_content_type django_content_type_app_label_model_76bd3d3b_uniq; Type: CONSTRAINT; Schema: public; Owner: vlad
--

ALTER TABLE ONLY public.django_content_type
    ADD CONSTRAINT django_content_type_app_label_model_76bd3d3b_uniq UNIQUE (app_label, model);


--
-- Name: django_content_type django_content_type_pkey; Type: CONSTRAINT; Schema: public; Owner: vlad
--

ALTER TABLE ONLY public.django_content_type
    ADD CONSTRAINT django_content_type_pkey PRIMARY KEY (id);


--
-- Name: django_cron_cronjoblog django_cron_cronjoblog_pkey; Type: CONSTRAINT; Schema: public; Owner: vlad
--

ALTER TABLE ONLY public.django_cron_cronjoblog
    ADD CONSTRAINT django_cron_cronjoblog_pkey PRIMARY KEY (id);


--
-- Name: django_migrations django_migrations_pkey; Type: CONSTRAINT; Schema: public; Owner: vlad
--

ALTER TABLE ONLY public.django_migrations
    ADD CONSTRAINT django_migrations_pkey PRIMARY KEY (id);


--
-- Name: django_session django_session_pkey; Type: CONSTRAINT; Schema: public; Owner: vlad
--

ALTER TABLE ONLY public.django_session
    ADD CONSTRAINT django_session_pkey PRIMARY KEY (session_key);


--
-- Name: schedule_calendar schedule_calendar_pkey; Type: CONSTRAINT; Schema: public; Owner: vlad
--

ALTER TABLE ONLY public.schedule_calendar
    ADD CONSTRAINT schedule_calendar_pkey PRIMARY KEY (id);


--
-- Name: schedule_calendar schedule_calendar_slug_ba17e861_uniq; Type: CONSTRAINT; Schema: public; Owner: vlad
--

ALTER TABLE ONLY public.schedule_calendar
    ADD CONSTRAINT schedule_calendar_slug_ba17e861_uniq UNIQUE (slug);


--
-- Name: schedule_calendarrelation schedule_calendarrelation_pkey; Type: CONSTRAINT; Schema: public; Owner: vlad
--

ALTER TABLE ONLY public.schedule_calendarrelation
    ADD CONSTRAINT schedule_calendarrelation_pkey PRIMARY KEY (id);


--
-- Name: schedule_event schedule_event_pkey; Type: CONSTRAINT; Schema: public; Owner: vlad
--

ALTER TABLE ONLY public.schedule_event
    ADD CONSTRAINT schedule_event_pkey PRIMARY KEY (id);


--
-- Name: schedule_eventrelation schedule_eventrelation_pkey; Type: CONSTRAINT; Schema: public; Owner: vlad
--

ALTER TABLE ONLY public.schedule_eventrelation
    ADD CONSTRAINT schedule_eventrelation_pkey PRIMARY KEY (id);


--
-- Name: schedule_occurrence schedule_occurrence_pkey; Type: CONSTRAINT; Schema: public; Owner: vlad
--

ALTER TABLE ONLY public.schedule_occurrence
    ADD CONSTRAINT schedule_occurrence_pkey PRIMARY KEY (id);


--
-- Name: schedule_rule schedule_rule_pkey; Type: CONSTRAINT; Schema: public; Owner: vlad
--

ALTER TABLE ONLY public.schedule_rule
    ADD CONSTRAINT schedule_rule_pkey PRIMARY KEY (id);


--
-- Name: app_book_Email_4c6521d6_like; Type: INDEX; Schema: public; Owner: vlad
--

CREATE INDEX "app_book_Email_4c6521d6_like" ON public.app_book USING btree ("Email" varchar_pattern_ops);


--
-- Name: app_book_Username_531628bf_like; Type: INDEX; Schema: public; Owner: vlad
--

CREATE INDEX "app_book_Username_531628bf_like" ON public.app_book USING btree ("Username" varchar_pattern_ops);


--
-- Name: auth_group_name_a6ea08ec_like; Type: INDEX; Schema: public; Owner: vlad
--

CREATE INDEX auth_group_name_a6ea08ec_like ON public.auth_group USING btree (name varchar_pattern_ops);


--
-- Name: auth_group_permissions_group_id_b120cbf9; Type: INDEX; Schema: public; Owner: vlad
--

CREATE INDEX auth_group_permissions_group_id_b120cbf9 ON public.auth_group_permissions USING btree (group_id);


--
-- Name: auth_group_permissions_permission_id_84c5c92e; Type: INDEX; Schema: public; Owner: vlad
--

CREATE INDEX auth_group_permissions_permission_id_84c5c92e ON public.auth_group_permissions USING btree (permission_id);


--
-- Name: auth_permission_content_type_id_2f476e4b; Type: INDEX; Schema: public; Owner: vlad
--

CREATE INDEX auth_permission_content_type_id_2f476e4b ON public.auth_permission USING btree (content_type_id);


--
-- Name: auth_user_groups_group_id_97559544; Type: INDEX; Schema: public; Owner: vlad
--

CREATE INDEX auth_user_groups_group_id_97559544 ON public.auth_user_groups USING btree (group_id);


--
-- Name: auth_user_groups_user_id_6a12ed8b; Type: INDEX; Schema: public; Owner: vlad
--

CREATE INDEX auth_user_groups_user_id_6a12ed8b ON public.auth_user_groups USING btree (user_id);


--
-- Name: auth_user_user_permissions_permission_id_1fbb5f2c; Type: INDEX; Schema: public; Owner: vlad
--

CREATE INDEX auth_user_user_permissions_permission_id_1fbb5f2c ON public.auth_user_user_permissions USING btree (permission_id);


--
-- Name: auth_user_user_permissions_user_id_a95ead1b; Type: INDEX; Schema: public; Owner: vlad
--

CREATE INDEX auth_user_user_permissions_user_id_a95ead1b ON public.auth_user_user_permissions USING btree (user_id);


--
-- Name: auth_user_username_6821ab7c_like; Type: INDEX; Schema: public; Owner: vlad
--

CREATE INDEX auth_user_username_6821ab7c_like ON public.auth_user USING btree (username varchar_pattern_ops);


--
-- Name: django_admin_log_content_type_id_c4bce8eb; Type: INDEX; Schema: public; Owner: vlad
--

CREATE INDEX django_admin_log_content_type_id_c4bce8eb ON public.django_admin_log USING btree (content_type_id);


--
-- Name: django_admin_log_user_id_c564eba6; Type: INDEX; Schema: public; Owner: vlad
--

CREATE INDEX django_admin_log_user_id_c564eba6 ON public.django_admin_log USING btree (user_id);


--
-- Name: django_cron_cronjoblog_code_48865653; Type: INDEX; Schema: public; Owner: vlad
--

CREATE INDEX django_cron_cronjoblog_code_48865653 ON public.django_cron_cronjoblog USING btree (code);


--
-- Name: django_cron_cronjoblog_code_48865653_like; Type: INDEX; Schema: public; Owner: vlad
--

CREATE INDEX django_cron_cronjoblog_code_48865653_like ON public.django_cron_cronjoblog USING btree (code varchar_pattern_ops);


--
-- Name: django_cron_cronjoblog_code_is_success_ran_at_time_84da9606_idx; Type: INDEX; Schema: public; Owner: vlad
--

CREATE INDEX django_cron_cronjoblog_code_is_success_ran_at_time_84da9606_idx ON public.django_cron_cronjoblog USING btree (code, is_success, ran_at_time);


--
-- Name: django_cron_cronjoblog_code_start_time_4fc78f9d_idx; Type: INDEX; Schema: public; Owner: vlad
--

CREATE INDEX django_cron_cronjoblog_code_start_time_4fc78f9d_idx ON public.django_cron_cronjoblog USING btree (code, start_time);


--
-- Name: django_cron_cronjoblog_code_start_time_ran_at_time_8b50b8fa_idx; Type: INDEX; Schema: public; Owner: vlad
--

CREATE INDEX django_cron_cronjoblog_code_start_time_ran_at_time_8b50b8fa_idx ON public.django_cron_cronjoblog USING btree (code, start_time, ran_at_time);


--
-- Name: django_cron_cronjoblog_end_time_7918602a; Type: INDEX; Schema: public; Owner: vlad
--

CREATE INDEX django_cron_cronjoblog_end_time_7918602a ON public.django_cron_cronjoblog USING btree (end_time);


--
-- Name: django_cron_cronjoblog_ran_at_time_7fed2751; Type: INDEX; Schema: public; Owner: vlad
--

CREATE INDEX django_cron_cronjoblog_ran_at_time_7fed2751 ON public.django_cron_cronjoblog USING btree (ran_at_time);


--
-- Name: django_cron_cronjoblog_start_time_d68c0dd9; Type: INDEX; Schema: public; Owner: vlad
--

CREATE INDEX django_cron_cronjoblog_start_time_d68c0dd9 ON public.django_cron_cronjoblog USING btree (start_time);


--
-- Name: django_session_expire_date_a5c62663; Type: INDEX; Schema: public; Owner: vlad
--

CREATE INDEX django_session_expire_date_a5c62663 ON public.django_session USING btree (expire_date);


--
-- Name: django_session_session_key_c0390e0f_like; Type: INDEX; Schema: public; Owner: vlad
--

CREATE INDEX django_session_session_key_c0390e0f_like ON public.django_session USING btree (session_key varchar_pattern_ops);


--
-- Name: schedule_calendar_slug_ba17e861_like; Type: INDEX; Schema: public; Owner: vlad
--

CREATE INDEX schedule_calendar_slug_ba17e861_like ON public.schedule_calendar USING btree (slug varchar_pattern_ops);


--
-- Name: schedule_calendarrelatio_content_type_id_object_i_3378a516_idx; Type: INDEX; Schema: public; Owner: vlad
--

CREATE INDEX schedule_calendarrelatio_content_type_id_object_i_3378a516_idx ON public.schedule_calendarrelation USING btree (content_type_id, object_id);


--
-- Name: schedule_calendarrelation_calendar_id_0a50be2e; Type: INDEX; Schema: public; Owner: vlad
--

CREATE INDEX schedule_calendarrelation_calendar_id_0a50be2e ON public.schedule_calendarrelation USING btree (calendar_id);


--
-- Name: schedule_calendarrelation_content_type_id_f2a42f5b; Type: INDEX; Schema: public; Owner: vlad
--

CREATE INDEX schedule_calendarrelation_content_type_id_f2a42f5b ON public.schedule_calendarrelation USING btree (content_type_id);


--
-- Name: schedule_calendarrelation_object_id_1743bce6; Type: INDEX; Schema: public; Owner: vlad
--

CREATE INDEX schedule_calendarrelation_object_id_1743bce6 ON public.schedule_calendarrelation USING btree (object_id);


--
-- Name: schedule_event_calendar_id_eb1c700f; Type: INDEX; Schema: public; Owner: vlad
--

CREATE INDEX schedule_event_calendar_id_eb1c700f ON public.schedule_event USING btree (calendar_id);


--
-- Name: schedule_event_creator_id_d2ffab6e; Type: INDEX; Schema: public; Owner: vlad
--

CREATE INDEX schedule_event_creator_id_d2ffab6e ON public.schedule_event USING btree (creator_id);


--
-- Name: schedule_event_end_674c5848; Type: INDEX; Schema: public; Owner: vlad
--

CREATE INDEX schedule_event_end_674c5848 ON public.schedule_event USING btree ("end");


--
-- Name: schedule_event_end_recurring_period_672addcf; Type: INDEX; Schema: public; Owner: vlad
--

CREATE INDEX schedule_event_end_recurring_period_672addcf ON public.schedule_event USING btree (end_recurring_period);


--
-- Name: schedule_event_rule_id_90b83d31; Type: INDEX; Schema: public; Owner: vlad
--

CREATE INDEX schedule_event_rule_id_90b83d31 ON public.schedule_event USING btree (rule_id);


--
-- Name: schedule_event_start_a11492a7; Type: INDEX; Schema: public; Owner: vlad
--

CREATE INDEX schedule_event_start_a11492a7 ON public.schedule_event USING btree (start);


--
-- Name: schedule_event_start_end_89f30672_idx; Type: INDEX; Schema: public; Owner: vlad
--

CREATE INDEX schedule_event_start_end_89f30672_idx ON public.schedule_event USING btree (start, "end");


--
-- Name: schedule_eventrelation_content_type_id_d4187723; Type: INDEX; Schema: public; Owner: vlad
--

CREATE INDEX schedule_eventrelation_content_type_id_d4187723 ON public.schedule_eventrelation USING btree (content_type_id);


--
-- Name: schedule_eventrelation_content_type_id_object_id_c1b1e893_idx; Type: INDEX; Schema: public; Owner: vlad
--

CREATE INDEX schedule_eventrelation_content_type_id_object_id_c1b1e893_idx ON public.schedule_eventrelation USING btree (content_type_id, object_id);


--
-- Name: schedule_eventrelation_event_id_8c57a7b4; Type: INDEX; Schema: public; Owner: vlad
--

CREATE INDEX schedule_eventrelation_event_id_8c57a7b4 ON public.schedule_eventrelation USING btree (event_id);


--
-- Name: schedule_eventrelation_object_id_e22334a2; Type: INDEX; Schema: public; Owner: vlad
--

CREATE INDEX schedule_eventrelation_object_id_e22334a2 ON public.schedule_eventrelation USING btree (object_id);


--
-- Name: schedule_occurrence_end_ae255624; Type: INDEX; Schema: public; Owner: vlad
--

CREATE INDEX schedule_occurrence_end_ae255624 ON public.schedule_occurrence USING btree ("end");


--
-- Name: schedule_occurrence_event_id_ade47cd8; Type: INDEX; Schema: public; Owner: vlad
--

CREATE INDEX schedule_occurrence_event_id_ade47cd8 ON public.schedule_occurrence USING btree (event_id);


--
-- Name: schedule_occurrence_start_b28eeb2f; Type: INDEX; Schema: public; Owner: vlad
--

CREATE INDEX schedule_occurrence_start_b28eeb2f ON public.schedule_occurrence USING btree (start);


--
-- Name: schedule_occurrence_start_end_5fc98870_idx; Type: INDEX; Schema: public; Owner: vlad
--

CREATE INDEX schedule_occurrence_start_end_5fc98870_idx ON public.schedule_occurrence USING btree (start, "end");


--
-- Name: auth_group_permissions auth_group_permissio_permission_id_84c5c92e_fk_auth_perm; Type: FK CONSTRAINT; Schema: public; Owner: vlad
--

ALTER TABLE ONLY public.auth_group_permissions
    ADD CONSTRAINT auth_group_permissio_permission_id_84c5c92e_fk_auth_perm FOREIGN KEY (permission_id) REFERENCES public.auth_permission(id) DEFERRABLE INITIALLY DEFERRED;


--
-- Name: auth_group_permissions auth_group_permissions_group_id_b120cbf9_fk_auth_group_id; Type: FK CONSTRAINT; Schema: public; Owner: vlad
--

ALTER TABLE ONLY public.auth_group_permissions
    ADD CONSTRAINT auth_group_permissions_group_id_b120cbf9_fk_auth_group_id FOREIGN KEY (group_id) REFERENCES public.auth_group(id) DEFERRABLE INITIALLY DEFERRED;


--
-- Name: auth_permission auth_permission_content_type_id_2f476e4b_fk_django_co; Type: FK CONSTRAINT; Schema: public; Owner: vlad
--

ALTER TABLE ONLY public.auth_permission
    ADD CONSTRAINT auth_permission_content_type_id_2f476e4b_fk_django_co FOREIGN KEY (content_type_id) REFERENCES public.django_content_type(id) DEFERRABLE INITIALLY DEFERRED;


--
-- Name: auth_user_groups auth_user_groups_group_id_97559544_fk_auth_group_id; Type: FK CONSTRAINT; Schema: public; Owner: vlad
--

ALTER TABLE ONLY public.auth_user_groups
    ADD CONSTRAINT auth_user_groups_group_id_97559544_fk_auth_group_id FOREIGN KEY (group_id) REFERENCES public.auth_group(id) DEFERRABLE INITIALLY DEFERRED;


--
-- Name: auth_user_groups auth_user_groups_user_id_6a12ed8b_fk_auth_user_id; Type: FK CONSTRAINT; Schema: public; Owner: vlad
--

ALTER TABLE ONLY public.auth_user_groups
    ADD CONSTRAINT auth_user_groups_user_id_6a12ed8b_fk_auth_user_id FOREIGN KEY (user_id) REFERENCES public.auth_user(id) DEFERRABLE INITIALLY DEFERRED;


--
-- Name: auth_user_user_permissions auth_user_user_permi_permission_id_1fbb5f2c_fk_auth_perm; Type: FK CONSTRAINT; Schema: public; Owner: vlad
--

ALTER TABLE ONLY public.auth_user_user_permissions
    ADD CONSTRAINT auth_user_user_permi_permission_id_1fbb5f2c_fk_auth_perm FOREIGN KEY (permission_id) REFERENCES public.auth_permission(id) DEFERRABLE INITIALLY DEFERRED;


--
-- Name: auth_user_user_permissions auth_user_user_permissions_user_id_a95ead1b_fk_auth_user_id; Type: FK CONSTRAINT; Schema: public; Owner: vlad
--

ALTER TABLE ONLY public.auth_user_user_permissions
    ADD CONSTRAINT auth_user_user_permissions_user_id_a95ead1b_fk_auth_user_id FOREIGN KEY (user_id) REFERENCES public.auth_user(id) DEFERRABLE INITIALLY DEFERRED;


--
-- Name: django_admin_log django_admin_log_content_type_id_c4bce8eb_fk_django_co; Type: FK CONSTRAINT; Schema: public; Owner: vlad
--

ALTER TABLE ONLY public.django_admin_log
    ADD CONSTRAINT django_admin_log_content_type_id_c4bce8eb_fk_django_co FOREIGN KEY (content_type_id) REFERENCES public.django_content_type(id) DEFERRABLE INITIALLY DEFERRED;


--
-- Name: django_admin_log django_admin_log_user_id_c564eba6_fk_auth_user_id; Type: FK CONSTRAINT; Schema: public; Owner: vlad
--

ALTER TABLE ONLY public.django_admin_log
    ADD CONSTRAINT django_admin_log_user_id_c564eba6_fk_auth_user_id FOREIGN KEY (user_id) REFERENCES public.auth_user(id) DEFERRABLE INITIALLY DEFERRED;


--
-- Name: schedule_calendarrelation schedule_calendarrel_calendar_id_0a50be2e_fk_schedule_; Type: FK CONSTRAINT; Schema: public; Owner: vlad
--

ALTER TABLE ONLY public.schedule_calendarrelation
    ADD CONSTRAINT schedule_calendarrel_calendar_id_0a50be2e_fk_schedule_ FOREIGN KEY (calendar_id) REFERENCES public.schedule_calendar(id) DEFERRABLE INITIALLY DEFERRED;


--
-- Name: schedule_calendarrelation schedule_calendarrel_content_type_id_f2a42f5b_fk_django_co; Type: FK CONSTRAINT; Schema: public; Owner: vlad
--

ALTER TABLE ONLY public.schedule_calendarrelation
    ADD CONSTRAINT schedule_calendarrel_content_type_id_f2a42f5b_fk_django_co FOREIGN KEY (content_type_id) REFERENCES public.django_content_type(id) DEFERRABLE INITIALLY DEFERRED;


--
-- Name: schedule_event schedule_event_calendar_id_eb1c700f_fk_schedule_calendar_id; Type: FK CONSTRAINT; Schema: public; Owner: vlad
--

ALTER TABLE ONLY public.schedule_event
    ADD CONSTRAINT schedule_event_calendar_id_eb1c700f_fk_schedule_calendar_id FOREIGN KEY (calendar_id) REFERENCES public.schedule_calendar(id) DEFERRABLE INITIALLY DEFERRED;


--
-- Name: schedule_event schedule_event_creator_id_d2ffab6e_fk_auth_user_id; Type: FK CONSTRAINT; Schema: public; Owner: vlad
--

ALTER TABLE ONLY public.schedule_event
    ADD CONSTRAINT schedule_event_creator_id_d2ffab6e_fk_auth_user_id FOREIGN KEY (creator_id) REFERENCES public.auth_user(id) DEFERRABLE INITIALLY DEFERRED;


--
-- Name: schedule_event schedule_event_rule_id_90b83d31_fk_schedule_rule_id; Type: FK CONSTRAINT; Schema: public; Owner: vlad
--

ALTER TABLE ONLY public.schedule_event
    ADD CONSTRAINT schedule_event_rule_id_90b83d31_fk_schedule_rule_id FOREIGN KEY (rule_id) REFERENCES public.schedule_rule(id) DEFERRABLE INITIALLY DEFERRED;


--
-- Name: schedule_eventrelation schedule_eventrelati_content_type_id_d4187723_fk_django_co; Type: FK CONSTRAINT; Schema: public; Owner: vlad
--

ALTER TABLE ONLY public.schedule_eventrelation
    ADD CONSTRAINT schedule_eventrelati_content_type_id_d4187723_fk_django_co FOREIGN KEY (content_type_id) REFERENCES public.django_content_type(id) DEFERRABLE INITIALLY DEFERRED;


--
-- Name: schedule_eventrelation schedule_eventrelation_event_id_8c57a7b4_fk_schedule_event_id; Type: FK CONSTRAINT; Schema: public; Owner: vlad
--

ALTER TABLE ONLY public.schedule_eventrelation
    ADD CONSTRAINT schedule_eventrelation_event_id_8c57a7b4_fk_schedule_event_id FOREIGN KEY (event_id) REFERENCES public.schedule_event(id) DEFERRABLE INITIALLY DEFERRED;


--
-- Name: schedule_occurrence schedule_occurrence_event_id_ade47cd8_fk_schedule_event_id; Type: FK CONSTRAINT; Schema: public; Owner: vlad
--

ALTER TABLE ONLY public.schedule_occurrence
    ADD CONSTRAINT schedule_occurrence_event_id_ade47cd8_fk_schedule_event_id FOREIGN KEY (event_id) REFERENCES public.schedule_event(id) DEFERRABLE INITIALLY DEFERRED;


--
-- Name: SCHEMA public; Type: ACL; Schema: -; Owner: postgres
--

GRANT ALL ON SCHEMA public TO PUBLIC;


--
-- PostgreSQL database dump complete
--

